metric_id,scientific_definition,formula_or_method,dataset,dataset_version,asset,native_resolution,actual_analysis_scale,temporal_resolution,temporal_basis,units,direction,response_function,reference_type,reference_estimator,applicability,minimum_spatial_support,minimum_temporal_support,qa_requirements,redundancy_group,dependency_metrics,default_role,score_eligibility,known_limitations,runtime_caveat_rules,final_disposition,source_or_evidence_url
water_extent,extent,Dynamic World water extent; only aquatic/mixed and comparable seasonal windows.,GOOGLE/DYNAMICWORLD/V1,verify exact release,GOOGLE/DYNAMICWORLD/V1,10.0,10.0,near-daily / configured assessment window,assessment window unless specified,% of master boundary,reference_target,metric-specific; no generic downgrade without contract,regional_or_matched,not specified,aquatic;mixed,Metric-specific native-pixel support; do not upsample,Use metric-specific minimum; trend metrics need multi-year observations,valid-pixel count/fraction; QA mask; temporal completeness; source/provenance; direction; reference compatibility,,,SCORED,default_scored,Dynamic World water extent; only aquatic/mixed and comparable seasonal windows.,Dynamic World water extent; only aquatic/mixed and comparable seasonal windows.,CONDITIONAL_SCORE,
water_persistence,hydrology,"Retain as EO water-occurrence metric; direction is target/context-dependent, so score only against hydrologically matched reference and window.",GOOGLE/DYNAMICWORLD/V1,verify exact release,GOOGLE/DYNAMICWORLD/V1,10.0,10.0,near-daily / configured assessment window,assessment window unless specified,fraction,reference_target,metric-specific; no generic downgrade without contract,regional_or_matched,not specified,aquatic;mixed,Metric-specific native-pixel support; do not upsample,Use metric-specific minimum; trend metrics need multi-year observations,valid-pixel count/fraction; QA mask; temporal completeness; source/provenance; direction; reference compatibility,,,SCORED,default_scored,"Retain as EO water-occurrence metric; direction is target/context-dependent, so score only against hydrologically matched reference and window.","Retain as EO water-occurrence metric; direction is target/context-dependent, so score only against hydrologically matched reference and window.",CONDITIONAL_SCORE,
ndci_proxy,water_quality,"Published spectral index, but uncalibrated NDCI is not chlorophyll-a or trophic state.",COPERNICUS/S2_SR_HARMONIZED,verify exact release,COPERNICUS/S2_SR_HARMONIZED,20.0,20.0,configured assessment window,assessment window unless specified,NDCI,lower_is_better,metric-specific; no generic downgrade without contract,none,not specified,aquatic;mixed,Metric-specific native-pixel support; do not upsample,Use metric-specific minimum; trend metrics need multi-year observations,valid-pixel count/fraction; QA mask; temporal completeness; source/provenance; direction; reference compatibility,,,CONTEXTUAL,context_only,"Published spectral index, but uncalibrated NDCI is not chlorophyll-a or trophic state.","Published spectral index, but uncalibrated NDCI is not chlorophyll-a or trophic state.",CONTEXT_ONLY,
red_reflectance_turbidity_proxy,retired / not accepted,"Uncalibrated red reflectance is not turbidity; retain only with a validated water mask and calibration, otherwise misleading.",legacy calculator / source-specific; see audit note,verify exact release,not retained in active registry,source-dependent,source-dependent,source-dependent,assessment window unless specified,legacy units; see original registry,legacy direction; not accepted for scoring,metric-specific; no generic downgrade without contract,none,none,see legacy contract,Metric-specific native-pixel support; do not upsample,Use metric-specific minimum; trend metrics need multi-year observations,valid-pixel count/fraction; QA mask; temporal completeness; source/provenance; direction; reference compatibility,legacy calculator retired,,retired,REMOVE,"Uncalibrated red reflectance is not turbidity; retain only with a validated water mask and calibration, otherwise misleading.","Uncalibrated red reflectance is not turbidity; retain only with a validated water mask and calibration, otherwise misleading.",REMOVE,
surface_algal_bloom_frequency,water_quality,FAI-derived frequency is a proxy; threshold requires local calibration and cloud/observation-count QA.,COPERNICUS/S2_SR_HARMONIZED,verify exact release,COPERNICUS/S2_SR_HARMONIZED,20.0,20.0,configured assessment window,assessment window unless specified,fraction,lower_is_better,metric-specific; no generic downgrade without contract,none,not specified,aquatic;mixed,Metric-specific native-pixel support; do not upsample,Use metric-specific minimum; trend metrics need multi-year observations,valid-pixel count/fraction; QA mask; temporal completeness; source/provenance; direction; reference compatibility,,,CONTEXTUAL,context_only,FAI-derived frequency is a proxy; threshold requires local calibration and cloud/observation-count QA.,FAI-derived frequency is a proxy; threshold requires local calibration and cloud/observation-count QA.,CONTEXT_ONLY,
riparian_ndvi,vegetation,Retain standardized fixed-width riparian vegetation greenness; ensure waterbody/riparian mask and temporal composites match.,COPERNICUS/S2_SR_HARMONIZED,verify exact release,COPERNICUS/S2_SR_HARMONIZED,10.0,10.0,configured assessment window,assessment window unless specified,NDVI,higher_is_better,metric-specific; no generic downgrade without contract,geometry_or_table,not specified,aquatic;mixed,Metric-specific native-pixel support; do not upsample,Use metric-specific minimum; trend metrics need multi-year observations,valid-pixel count/fraction; QA mask; temporal completeness; source/provenance; direction; reference compatibility,,,SCORED,default_scored,Retain standardized fixed-width riparian vegetation greenness; ensure waterbody/riparian mask and temporal composites match.,Retain standardized fixed-width riparian vegetation greenness; ensure waterbody/riparian mask and temporal composites match.,CONDITIONAL_SCORE,
riparian_ndvi_sen_slope,vegetation,Retain as trend diagnostic only until temporal coverage and slope uncertainty are validated.,COPERNICUS/S2_SR_HARMONIZED,verify exact release,COPERNICUS/S2_SR_HARMONIZED,10.0,10.0,multi-year trend window,assessment window unless specified,NDVI/year,context_dependent,metric-specific; no generic downgrade without contract,none,not specified,aquatic;mixed,Metric-specific native-pixel support; do not upsample,Use metric-specific minimum; trend metrics need multi-year observations,valid-pixel count/fraction; QA mask; temporal completeness; source/provenance; direction; reference compatibility,,,CONTEXTUAL,context_only,Retain as trend diagnostic only until temporal coverage and slope uncertainty are validated.,Retain as trend diagnostic only until temporal coverage and slope uncertainty are validated.,CONTEXT_ONLY,
shoreline_disturbance_fraction,pressure,Retain as explicit custom pressure fraction; bare natural substrate and shoreline definition require caveat.,GOOGLE/DYNAMICWORLD/V1,verify exact release,GOOGLE/DYNAMICWORLD/V1,10.0,10.0,configured assessment window,assessment window unless specified,fraction,lower_is_better,metric-specific; no generic downgrade without contract,geometry_or_table,not specified,aquatic;mixed,Metric-specific native-pixel support; do not upsample,Use metric-specific minimum; trend metrics need multi-year observations,valid-pixel count/fraction; QA mask; temporal completeness; source/provenance; direction; reference compatibility,,,SCORED,default_scored,Retain as explicit custom pressure fraction; bare natural substrate and shoreline definition require caveat.,Retain as explicit custom pressure fraction; bare natural substrate and shoreline definition require caveat.,CONDITIONAL_SCORE,
landcover_composition,vegetation_landcover,Keep class fractions as disaggregated descriptive data; never collapse classes into an arbitrary single score.,GOOGLE/DYNAMICWORLD/V1,verify exact release,GOOGLE/DYNAMICWORLD/V1,10.0,10.0,configured assessment window,assessment window unless specified,fraction by class,context_dependent,metric-specific; no generic downgrade without contract,none,not specified,aquatic;mixed,Metric-specific native-pixel support; do not upsample,Use metric-specific minimum; trend metrics need multi-year observations,valid-pixel count/fraction; QA mask; temporal completeness; source/provenance; direction; reference compatibility,,,CONTEXTUAL,context_only,Keep class fractions as disaggregated descriptive data; never collapse classes into an arbitrary single score.,Keep class fractions as disaggregated descriptive data; never collapse classes into an arbitrary single score.,CONTEXT_ONLY,
edna_taxon_richness,fauna,"Valid only with standardized sampling effort, laboratory controls and taxonomic QC; not EO-only.",client-supplied eDNA observations,verify exact release,client-supplied eDNA observations,,,survey-specific,assessment window unless specified,taxa,higher_is_better,metric-specific; no generic downgrade without contract,field_or_matched,not specified,aquatic;mixed,Metric-specific native-pixel support; do not upsample,Use metric-specific minimum; trend metrics need multi-year observations,valid-pixel count/fraction; QA mask; temporal completeness; source/provenance; direction; reference compatibility,,,SCORED,default_scored,"Valid only with standardized sampling effort, laboratory controls and taxonomic QC; not EO-only.","Valid only with standardized sampling effort, laboratory controls and taxonomic QC; not EO-only.",CONDITIONAL_FIELD,
edna_detection_rate,fauna,Valid only with a declared target set and standardized sampling/assay design; not EO-only.,client-supplied eDNA observations,verify exact release,client-supplied eDNA observations,,,survey-specific,assessment window unless specified,fraction,higher_is_better,metric-specific; no generic downgrade without contract,field_or_matched,not specified,aquatic;mixed,Metric-specific native-pixel support; do not upsample,Use metric-specific minimum; trend metrics need multi-year observations,valid-pixel count/fraction; QA mask; temporal completeness; source/provenance; direction; reference compatibility,,,SCORED,default_scored,Valid only with a declared target set and standardized sampling/assay design; not EO-only.,Valid only with a declared target set and standardized sampling/assay design; not EO-only.,CONDITIONAL_FIELD,
edna_fish_richness,fauna,Valid only with standardized eDNA sampling and taxonomic QC; not EO-only.,client-supplied eDNA observations,verify exact release,client-supplied eDNA observations,,,survey-specific,assessment window unless specified,taxa,higher_is_better,metric-specific; no generic downgrade without contract,field_or_matched,not specified,aquatic;mixed,Metric-specific native-pixel support; do not upsample,Use metric-specific minimum; trend metrics need multi-year observations,valid-pixel count/fraction; QA mask; temporal completeness; source/provenance; direction; reference compatibility,,,SCORED,default_scored,Valid only with standardized eDNA sampling and taxonomic QC; not EO-only.,Valid only with standardized eDNA sampling and taxonomic QC; not EO-only.,CONDITIONAL_FIELD,
edna_persistence_potential,retired / not accepted,Modelled eDNA persistence is not remotely sensed and does not measure biodiversity condition.,legacy calculator / source-specific; see audit note,verify exact release,not retained in active registry,source-dependent,source-dependent,source-dependent,assessment window unless specified,legacy units; see original registry,legacy direction; not accepted for scoring,metric-specific; no generic downgrade without contract,none,none,see legacy contract,Metric-specific native-pixel support; do not upsample,Use metric-specific minimum; trend metrics need multi-year observations,valid-pixel count/fraction; QA mask; temporal completeness; source/provenance; direction; reference compatibility,legacy calculator retired,,retired,REMOVE,Modelled eDNA persistence is not remotely sensed and does not measure biodiversity condition.,Modelled eDNA persistence is not remotely sensed and does not measure biodiversity condition.,REMOVE,
natural_landcover_fraction,retired / not accepted,Duplicate alias of natural cover / natural_habitat; remove redundant active registry entry.,Dynamic World,verify exact release,GOOGLE/DYNAMICWORLD/V1,10,10,configured assessment window,assessment window unless specified,fraction,higher_is_better,metric-specific; no generic downgrade without contract,none,none,see legacy contract,Metric-specific native-pixel support; do not upsample,Use metric-specific minimum; trend metrics need multi-year observations,valid-pixel count/fraction; QA mask; temporal completeness; source/provenance; direction; reference compatibility,legacy calculator retired,,retired,REMOVE,Duplicate alias of natural cover / natural_habitat; remove redundant active registry entry.,Duplicate alias of natural cover / natural_habitat; remove redundant active registry entry.,REMOVE,
terrestrial_ndvi,retired / not accepted,Duplicate NDVI alias; canonical legacy ndvi retained.,Sentinel-2,verify exact release,COPERNICUS/S2_SR_HARMONIZED,10,10,configured assessment window,assessment window unless specified,NDVI,higher_is_better,metric-specific; no generic downgrade without contract,none,none,see legacy contract,Metric-specific native-pixel support; do not upsample,Use metric-specific minimum; trend metrics need multi-year observations,valid-pixel count/fraction; QA mask; temporal completeness; source/provenance; direction; reference compatibility,legacy calculator retired,,retired,REMOVE,Duplicate NDVI alias; canonical legacy ndvi retained.,Duplicate NDVI alias; canonical legacy ndvi retained.,REMOVE,
built_fraction,pressure,Direct Dynamic World built fraction; lower is less pressure. Keep on separate pressure axis.,not specified,verify exact release,,,,configured/verify,assessment window unless specified,fraction,lower_is_better,metric-specific; no generic downgrade without contract,regional_or_matched,not specified,terrestrial;aquatic;mixed,Metric-specific native-pixel support; do not upsample,Use metric-specific minimum; trend metrics need multi-year observations,valid-pixel count/fraction; QA mask; temporal completeness; source/provenance; direction; reference compatibility,,,SCORED,default_scored,Direct Dynamic World built fraction; lower is less pressure. Keep on separate pressure axis.,Direct Dynamic World built fraction; lower is less pressure. Keep on separate pressure axis.,SCORE_PRESSURE,
natural_habitat,C1_landscape,Dynamic World natural/semi-natural class fraction; classification and biome-specific class omissions must be disclosed.,GOOGLE/DYNAMICWORLD/V1,verify exact release,GOOGLE/DYNAMICWORLD/V1,10.0,10.0,near-daily / configured assessment window,assessment window unless specified,%,higher_is_better,metric-specific; no generic downgrade without contract,contemporary_best_on_offer,log_response_ratio,terrestrial;mixed,Metric-specific native-pixel support; do not upsample,Use metric-specific minimum; trend metrics need multi-year observations,valid-pixel count/fraction; QA mask; temporal completeness; source/provenance; direction; reference compatibility,dynamic_world,,SCORED,default_scored,Dynamic World natural/semi-natural class fraction; classification and biome-specific class omissions must be disclosed.,Dynamic World natural/semi-natural class fraction; classification and biome-specific class omissions must be disclosed.,SCORE_CORE,Brown et al. (2022). Dynamic World. DOI:10.1038/s41597-022-01307-4
natural_landcover,retired / not accepted,Duplicate of natural_habitat from the same Dynamic World classes; mixed-pixel focal heuristic is not an independently validated naturalness construct.,legacy calculator / source-specific; see audit note,verify exact release,not retained in active registry,source-dependent,source-dependent,source-dependent,assessment window unless specified,legacy units; see original registry,legacy direction; not accepted for scoring,metric-specific; no generic downgrade without contract,none,none,see legacy contract,Metric-specific native-pixel support; do not upsample,Use metric-specific minimum; trend metrics need multi-year observations,valid-pixel count/fraction; QA mask; temporal completeness; source/provenance; direction; reference compatibility,legacy calculator retired,,retired,REMOVE,Duplicate of natural_habitat from the same Dynamic World classes; mixed-pixel focal heuristic is not an independently validated naturalness construct.,Duplicate of natural_habitat from the same Dynamic World classes; mixed-pixel focal heuristic is not an independently validated naturalness construct.,REMOVE,
cpland,C1_landscape,"Standard FRAGSTATS Core Area Percentage of Landscape; current target class is India PV binary asset, so applicability is geographically constrained.",India PV binary habitat source configured in legacy calculator,verify exact release,India PV binary habitat source configured in legacy calculator,,,configured assessment window,assessment window unless specified,%,higher_is_better,metric-specific; no generic downgrade without contract,regional_distribution,robust_z,terrestrial;mixed,Metric-specific native-pixel support; do not upsample,Use metric-specific minimum; trend metrics need multi-year observations,valid-pixel count/fraction; QA mask; temporal completeness; source/provenance; direction; reference compatibility,india_pv_binary,,SCORED,default_scored,"Standard FRAGSTATS Core Area Percentage of Landscape; current target class is India PV binary asset, so applicability is geographically constrained.","Standard FRAGSTATS Core Area Percentage of Landscape; current target class is India PV binary asset, so applicability is geographically constrained.",CONDITIONAL_SCORE,"McGarigal & Marks (1995); FRAGSTATS CPLAND definition. Darukaa India PV binary supplies the target habitat class. CPLAND is a core-area metric, not a standalone graph-theoretic connectivity index and is not a Plan Vivo PVBC crediting metric."
forest_loss_rate,C1_landscape,Hansen gross tree-cover loss (30% tree-cover threshold); absolute ha/year; only meaningful where baseline forest and annual observations are sufficient.,UMD/hansen/global_forest_change_2025_v1_13,verify exact release,UMD/hansen/global_forest_change_2025_v1_13,30.0,30.0,annual loss-year; 2000 baseline,assessment window unless specified,ha per year,lower_is_better,metric-specific; no generic downgrade without contract,regional_distribution,robust_z,terrestrial;mixed,Metric-specific native-pixel support; do not upsample,Use metric-specific minimum; trend metrics need multi-year observations,valid-pixel count/fraction; QA mask; temporal completeness; source/provenance; direction; reference compatibility,hansen_gfc,,SCORED,default_scored,Hansen gross tree-cover loss (30% tree-cover threshold); absolute ha/year; only meaningful where baseline forest and annual observations are sufficient.,Hansen gross tree-cover loss (30% tree-cover threshold); absolute ha/year; only meaningful where baseline forest and annual observations are sufficient.,CONDITIONAL_SCORE,"Hansen et al. (2013). Science. DOI:10.1126/science.1244693. v1.13. NOTE: metric detects loss of tree canopy ≥30% density only. Does not capture grassland, shrub, or open-woodland degradation. For mixed grassland-forest landscapes, interpret alongside NDVI and habitat_health indicators for full habitat trajectory picture."
net_forest_change_rate,retired / not accepted,Temporal asymmetry: annual Hansen loss versus one-time/current DW tree expansion. Do not report as annual net change.,legacy calculator / source-specific; see audit note,verify exact release,not retained in active registry,source-dependent,source-dependent,source-dependent,assessment window unless specified,legacy units; see original registry,legacy direction; not accepted for scoring,metric-specific; no generic downgrade without contract,none,none,see legacy contract,Metric-specific native-pixel support; do not upsample,Use metric-specific minimum; trend metrics need multi-year observations,valid-pixel count/fraction; QA mask; temporal completeness; source/provenance; direction; reference compatibility,legacy calculator retired,,retired,REMOVE,Temporal asymmetry: annual Hansen loss versus one-time/current DW tree expansion. Do not report as annual net change.,Temporal asymmetry: annual Hansen loss versus one-time/current DW tree expansion. Do not report as annual net change.,REMOVE,
kba_overlap,C1_landscape,"Conservation importance/overlap, not ecological condition; retain as screening only.",not_individually_confirmed,verify exact release,not_individually_confirmed,,,configured assessment window,assessment window unless specified,%,higher_is_better,metric-specific; no generic downgrade without contract,none,not specified,terrestrial;aquatic;mixed,Metric-specific native-pixel support; do not upsample,Use metric-specific minimum; trend metrics need multi-year observations,valid-pixel count/fraction; QA mask; temporal completeness; source/provenance; direction; reference compatibility,kba,,DIAGNOSTIC,diagnostic,"Conservation importance/overlap, not ecological condition; retain as screening only.","Conservation importance/overlap, not ecological condition; retain as screening only.",SCREENING,IUCN (2022). KBA Standards. DOI:10.2305/IUCN.CH.2022.24.en
ndvi,C2_vegetation,Sentinel-2 NDVI condition proxy; not direct biodiversity observation and correlated with habitat_health.,COPERNICUS/S2_SR_HARMONIZED,verify exact release,COPERNICUS/S2_SR_HARMONIZED,10.0,10.0,configured assessment/trend window,assessment window unless specified,index,higher_is_better,metric-specific; no generic downgrade without contract,none,not specified,terrestrial;mixed,Metric-specific native-pixel support; do not upsample,Use metric-specific minimum; trend metrics need multi-year observations,valid-pixel count/fraction; QA mask; temporal completeness; source/provenance; direction; reference compatibility,sentinel2_ndvi,,SCORED,default_scored,Sentinel-2 NDVI condition proxy; not direct biodiversity observation and correlated with habitat_health.,Sentinel-2 NDVI condition proxy; not direct biodiversity observation and correlated with habitat_health.,SCORE_CORE,Sentinel-2 SCL. Drusch et al. (2012). DOI:10.1016/j.rse.2011.11.026
habitat_health,C2_vegetation,"Retain as requested; its current z5/SD formula is a Darukaa NDVI-derived metric, not a globally standardized HHI. Keep definition explicit and avoid treating as independent from NDVI.",COPERNICUS/S2_SR_HARMONIZED,verify exact release,COPERNICUS/S2_SR_HARMONIZED,10.0,10.0,configured assessment/trend window,assessment window unless specified,z5/σ,higher_is_better,metric-specific; no generic downgrade without contract,none,not specified,terrestrial;mixed,Metric-specific native-pixel support; do not upsample,Use metric-specific minimum; trend metrics need multi-year observations,valid-pixel count/fraction; QA mask; temporal completeness; source/provenance; direction; reference compatibility,sentinel2_ndvi,,SCORED,default_scored,"Retain as requested; its current z5/SD formula is a Darukaa NDVI-derived metric, not a globally standardized HHI. Keep definition explicit and avoid treating as independent from NDVI.","Retain as requested; its current z5/SD formula is a Darukaa NDVI-derived metric, not a globally standardized HHI. Keep definition explicit and avoid treating as independent from NDVI.",SCORE_CORE,Darukaa greenness stability = mean(z5/σ) from S2 NDVI.
flii,C2_vegetation,"Use only canonical 2019 FLII asset projects/darukaa-earth-product/assets/flii_global_2019; no local reconstruction under FLII name; forest-only, ~300 m.",projects/darukaa-earth-product/assets/flii_global_2019,verify exact release,projects/darukaa-earth-product/assets/flii_global_2019,300,300,2019 static raster,assessment window unless specified,0–10,higher_is_better,metric-specific; no generic downgrade without contract,contemporary_best_on_offer,robust_z,terrestrial;mixed,Metric-specific native-pixel support; do not upsample,Use metric-specific minimum; trend metrics need multi-year observations,valid-pixel count/fraction; QA mask; temporal completeness; source/provenance; direction; reference compatibility,flii_asset,,SCORED,default_scored,"Use only canonical 2019 FLII asset projects/darukaa-earth-product/assets/flii_global_2019; no local reconstruction under FLII name; forest-only, ~300 m.","Use only canonical 2019 FLII asset projects/darukaa-earth-product/assets/flii_global_2019; no local reconstruction under FLII name; forest-only, ~300 m.",CONDITIONAL_SCORE,"Grantham et al. (2020). Nature Communications 11:5978. Canonical FLII is a 300m, 2019 forest-integrity raster. The pipeline no longer scores a Darukaa reconstruction under the FLII name; a canonical FLII raster must be supplied through raster_paths['flii'] or an approved GEE asset."
eii,C2_vegetation,Retain EII parent as requested; default eii_mode=parent. Components diagnostic/contextual by default.,landler-open-data/assets/eii/global/eii_global_v1,verify exact release,landler-open-data/assets/eii/global/eii_global_v1,300.0,300.0,annual,assessment window unless specified,index,higher_is_better,metric-specific; no generic downgrade without contract,none,not specified,terrestrial;mixed,Metric-specific native-pixel support; do not upsample,Use metric-specific minimum; trend metrics need multi-year observations,valid-pixel count/fraction; QA mask; temporal completeness; source/provenance; direction; reference compatibility,landbanking_eii,,SCORED,default_scored,Retain EII parent as requested; default eii_mode=parent. Components diagnostic/contextual by default.,Retain EII parent as requested; default eii_mode=parent. Components diagnostic/contextual by default.,SCORE_CORE_PARENT,Hill et al. (2022). bioRxiv. DOI:10.1101/2022.08.21.504707. Landbanking 300m.
eii_structural,C2_vegetation,"Published EII component; only score in components mode, never simultaneously with parent.",landler-open-data/assets/eii/global/eii_global_v1,verify exact release,landler-open-data/assets/eii/global/eii_global_v1,300.0,300.0,annual,assessment window unless specified,index,higher_is_better,metric-specific; no generic downgrade without contract,none,not specified,terrestrial;mixed,Metric-specific native-pixel support; do not upsample,Use metric-specific minimum; trend metrics need multi-year observations,valid-pixel count/fraction; QA mask; temporal completeness; source/provenance; direction; reference compatibility,landbanking_eii,,CONTEXTUAL,default_scored,"Published EII component; only score in components mode, never simultaneously with parent.","Published EII component; only score in components mode, never simultaneously with parent.",CONTEXT_UNLESS_COMPONENT_MODE,Hill et al. (2022). Kennedy et al. (2019). DOI:10.1111/gcb.14549
eii_compositional,C2_vegetation,"Published EII component; only score in components mode, never simultaneously with parent.",landler-open-data/assets/eii/global/eii_global_v1,verify exact release,landler-open-data/assets/eii/global/eii_global_v1,300.0,300.0,annual,assessment window unless specified,index,higher_is_better,metric-specific; no generic downgrade without contract,none,not specified,terrestrial;mixed,Metric-specific native-pixel support; do not upsample,Use metric-specific minimum; trend metrics need multi-year observations,valid-pixel count/fraction; QA mask; temporal completeness; source/provenance; direction; reference compatibility,landbanking_eii,,CONTEXTUAL,default_scored,"Published EII component; only score in components mode, never simultaneously with parent.","Published EII component; only score in components mode, never simultaneously with parent.",CONTEXT_UNLESS_COMPONENT_MODE,IO BII 300m. Newbold et al. (2016). DOI:10.1126/science.aaf2201
eii_functional,C2_vegetation,"Published EII component; only score in components mode, never simultaneously with parent.",landler-open-data/assets/eii/global/eii_global_v1,verify exact release,landler-open-data/assets/eii/global/eii_global_v1,300.0,300.0,annual,assessment window unless specified,index,higher_is_better,metric-specific; no generic downgrade without contract,none,not specified,terrestrial;mixed,Metric-specific native-pixel support; do not upsample,Use metric-specific minimum; trend metrics need multi-year observations,valid-pixel count/fraction; QA mask; temporal completeness; source/provenance; direction; reference compatibility,landbanking_eii,,CONTEXTUAL,default_scored,"Published EII component; only score in components mode, never simultaneously with parent.","Published EII component; only score in components mode, never simultaneously with parent.",CONTEXT_UNLESS_COMPONENT_MODE,Actual/potential NPP. Hill et al. (2022).
bii,C3_fauna,"Independent 100 m PREDICTS-based BII source; modelled terrestrial biodiversity intactness, not direct observation. Check redundancy/correlation with EII parent.",ebx-data/assets/earthblox/IO/BII_V1_1,verify exact release,ebx-data/assets/earthblox/IO/BII_V1_1,100.0,100.0,annual / available year,assessment window unless specified,index,higher_is_better,metric-specific; no generic downgrade without contract,contemporary_best_on_offer,robust_z,terrestrial;mixed,Metric-specific native-pixel support; do not upsample,Use metric-specific minimum; trend metrics need multi-year observations,valid-pixel count/fraction; QA mask; temporal completeness; source/provenance; direction; reference compatibility,predicts_bii,,SCORED,default_scored,"Independent 100 m PREDICTS-based BII source; modelled terrestrial biodiversity intactness, not direct observation. Check redundancy/correlation with EII parent.","Independent 100 m PREDICTS-based BII source; modelled terrestrial biodiversity intactness, not direct observation. Check redundancy/correlation with EII parent.",CONDITIONAL_SCORE,"Newbold et al. (2016). Science 353:288-291. DOI:10.1126/science.aaf2201 (BII methodology); Hudson et al. (2017). Ecol. Evol. 7:145-188 (PREDICTS database). Dataset: UPGRADED (independent audit item 16, 2026-09-27, verified live before switching) to Gassert, F., Mazzarello, J., & Hyde, S. (2026). 'Global 100m projections of biodiversity intactness for the years 2017-2025 (v1.1)' [Technical white paper]. Vizzuality and Impact Observatory -- projects/ebx-data/assets/earthblox/IO/BII_V1_1 (GEE community catalog), annual 2017-2025 (was a fixed 2017-2020 composite on the prior BIOINTACT asset, kept as a fallback -- v0.2.4 fix note: this indicator was originally incorrectly derived from EII's own compositional_integrity band, not an independent source; see ASSUMPTIONS §9)."
pdf,retired / not accepted,The current calculation applies ad hoc land-cover weights; it is not the published Potentially Disappeared Fraction calculation. Replaced by an MSA candidate pending provenance QA.,Dynamic World,verify exact release,GOOGLE/DYNAMICWORLD/V1,10,10,source-dependent,assessment window unless specified,fraction,lower_is_better,metric-specific; no generic downgrade without contract,none,none,see legacy contract,Metric-specific native-pixel support; do not upsample,Use metric-specific minimum; trend metrics need multi-year observations,valid-pixel count/fraction; QA mask; temporal completeness; source/provenance; direction; reference compatibility,legacy calculator retired,,retired,REMOVE,The current calculation applies ad hoc land-cover weights; it is not the published Potentially Disappeared Fraction calculation. Replaced by an MSA candidate pending provenance QA.,The current calculation applies ad hoc land-cover weights; it is not the published Potentially Disappeared Fraction calculation. Replaced by an MSA candidate pending provenance QA.,REMOVE,
aridity_index,C4_pressure,Climate exposure/context; not a site condition or anthropogenic pressure score.,CHIRPS + TerraClimate,verify exact release,CHIRPS + TerraClimate,,,annual aggregation,assessment window unless specified,P/PET,higher_is_better,metric-specific; no generic downgrade without contract,none,not specified,terrestrial;aquatic;mixed,Metric-specific native-pixel support; do not upsample,Use metric-specific minimum; trend metrics need multi-year observations,valid-pixel count/fraction; QA mask; temporal completeness; source/provenance; direction; reference compatibility,chirps_terraclimate,,CONTEXTUAL,context_only,Climate exposure/context; not a site condition or anthropogenic pressure score.,Climate exposure/context; not a site condition or anthropogenic pressure score.,CONTEXT,Zomer et al. (2022). DOI:10.1038/s41597-022-01493-1. CHIRPS+TerraClimate.
tspi,retired / not accepted,Mislabels raw NDCI as a trophic-state index without a validated chlorophyll calibration / Carlson TSI transformation.,Sentinel-2 / Sentinel-1 / custom composite,verify exact release,not retained in active registry,10,10,configured or annual window,assessment window unless specified,legacy units; see original registry,legacy direction; not accepted for scoring,metric-specific; no generic downgrade without contract,none,none,see legacy contract,Metric-specific native-pixel support; do not upsample,Use metric-specific minimum; trend metrics need multi-year observations,valid-pixel count/fraction; QA mask; temporal completeness; source/provenance; direction; reference compatibility,legacy calculator retired,,retired,REMOVE,Mislabels raw NDCI as a trophic-state index without a validated chlorophyll calibration / Carlson TSI transformation.,Mislabels raw NDCI as a trophic-state index without a validated chlorophyll calibration / Carlson TSI transformation.,REMOVE,
sabf,retired / not accepted,Legacy SABF key retired; the newer surface_algal_bloom_frequency remains contextual only because its 0.005 threshold and temporal frequency need local validation.,Sentinel-2 / Sentinel-1 / custom composite,verify exact release,not retained in active registry,10,10,configured or annual window,assessment window unless specified,legacy units; see original registry,legacy direction; not accepted for scoring,metric-specific; no generic downgrade without contract,none,none,see legacy contract,Metric-specific native-pixel support; do not upsample,Use metric-specific minimum; trend metrics need multi-year observations,valid-pixel count/fraction; QA mask; temporal completeness; source/provenance; direction; reference compatibility,legacy calculator retired,,retired,REMOVE,Legacy SABF key retired; the newer surface_algal_bloom_frequency remains contextual only because its 0.005 threshold and temporal frequency need local validation.,Legacy SABF key retired; the newer surface_algal_bloom_frequency remains contextual only because its 0.005 threshold and temporal frequency need local validation.,REMOVE,
wcpi,retired / not accepted,Within-site min–max normalization makes values non-comparable across sites.,Sentinel-2 / Sentinel-1 / custom composite,verify exact release,not retained in active registry,10,10,configured or annual window,assessment window unless specified,legacy units; see original registry,legacy direction; not accepted for scoring,metric-specific; no generic downgrade without contract,none,none,see legacy contract,Metric-specific native-pixel support; do not upsample,Use metric-specific minimum; trend metrics need multi-year observations,valid-pixel count/fraction; QA mask; temporal completeness; source/provenance; direction; reference compatibility,legacy calculator retired,,retired,REMOVE,Within-site min–max normalization makes values non-comparable across sites.,Within-site min–max normalization makes values non-comparable across sites.,REMOVE,
wsdi,retired / not accepted,Custom SAR occurrence-dynamism composite with unvalidated direction/target; redundant with better-defined water persistence.,Sentinel-2 / Sentinel-1 / custom composite,verify exact release,not retained in active registry,10,10,configured or annual window,assessment window unless specified,legacy units; see original registry,legacy direction; not accepted for scoring,metric-specific; no generic downgrade without contract,none,none,see legacy contract,Metric-specific native-pixel support; do not upsample,Use metric-specific minimum; trend metrics need multi-year observations,valid-pixel count/fraction; QA mask; temporal completeness; source/provenance; direction; reference compatibility,legacy calculator retired,,retired,REMOVE,Custom SAR occurrence-dynamism composite with unvalidated direction/target; redundant with better-defined water persistence.,Custom SAR occurrence-dynamism composite with unvalidated direction/target; redundant with better-defined water persistence.,REMOVE,
hsas,retired / not accepted,Unvalidated weighted habitat-suitability/eDNA alignment composite; becomes suitability-only without eDNA and is mislabelled.,Sentinel-2 / Sentinel-1 / custom composite,verify exact release,not retained in active registry,10,10,configured or annual window,assessment window unless specified,legacy units; see original registry,legacy direction; not accepted for scoring,metric-specific; no generic downgrade without contract,none,none,see legacy contract,Metric-specific native-pixel support; do not upsample,Use metric-specific minimum; trend metrics need multi-year observations,valid-pixel count/fraction; QA mask; temporal completeness; source/provenance; direction; reference compatibility,legacy calculator retired,,retired,REMOVE,Unvalidated weighted habitat-suitability/eDNA alignment composite; becomes suitability-only without eDNA and is mislabelled.,Unvalidated weighted habitat-suitability/eDNA alignment composite; becomes suitability-only without eDNA and is mislabelled.,REMOVE,
edpp,retired / not accepted,Unvalidated thermal/turbidity/moisture/UV weighted composite with site-relative min–max thermal scaling.,Sentinel-2 / Sentinel-1 / custom composite,verify exact release,not retained in active registry,10,10,configured or annual window,assessment window unless specified,legacy units; see original registry,legacy direction; not accepted for scoring,metric-specific; no generic downgrade without contract,none,none,see legacy contract,Metric-specific native-pixel support; do not upsample,Use metric-specific minimum; trend metrics need multi-year observations,valid-pixel count/fraction; QA mask; temporal completeness; source/provenance; direction; reference compatibility,legacy calculator retired,,retired,REMOVE,Unvalidated thermal/turbidity/moisture/UV weighted composite with site-relative min–max thermal scaling.,Unvalidated thermal/turbidity/moisture/UV weighted composite with site-relative min–max thermal scaling.,REMOVE,
mspl,retired / not accepted,Unvalidated weighted composite; site-relative thermal component and arbitrary weights prevent defensible cross-site scoring.,Sentinel-2 / Sentinel-1 / custom composite,verify exact release,not retained in active registry,10,10,configured or annual window,assessment window unless specified,legacy units; see original registry,legacy direction; not accepted for scoring,metric-specific; no generic downgrade without contract,none,none,see legacy contract,Metric-specific native-pixel support; do not upsample,Use metric-specific minimum; trend metrics need multi-year observations,valid-pixel count/fraction; QA mask; temporal completeness; source/provenance; direction; reference compatibility,legacy calculator retired,,retired,REMOVE,Unvalidated weighted composite; site-relative thermal component and arbitrary weights prevent defensible cross-site scoring.,Unvalidated weighted composite; site-relative thermal component and arbitrary weights prevent defensible cross-site scoring.,REMOVE,
rci,retired / not accepted,Unvalidated weighted riparian composite; combines heterogeneous constructs with arbitrary weights.,Sentinel-2 / Sentinel-1 / custom composite,verify exact release,not retained in active registry,10,10,configured or annual window,assessment window unless specified,legacy units; see original registry,legacy direction; not accepted for scoring,metric-specific; no generic downgrade without contract,none,none,see legacy contract,Metric-specific native-pixel support; do not upsample,Use metric-specific minimum; trend metrics need multi-year observations,valid-pixel count/fraction; QA mask; temporal completeness; source/provenance; direction; reference compatibility,legacy calculator retired,,retired,REMOVE,Unvalidated weighted riparian composite; combines heterogeneous constructs with arbitrary weights.,Unvalidated weighted riparian composite; combines heterogeneous constructs with arbitrary weights.,REMOVE,
riparian_ndvi_trend,retired / not accepted,Duplicate of riparian_ndvi_sen_slope; retain one canonical trend metric.,legacy calculator / source-specific; see audit note,verify exact release,not retained in active registry,source-dependent,source-dependent,source-dependent,assessment window unless specified,legacy units; see original registry,legacy direction; not accepted for scoring,metric-specific; no generic downgrade without contract,none,none,see legacy contract,Metric-specific native-pixel support; do not upsample,Use metric-specific minimum; trend metrics need multi-year observations,valid-pixel count/fraction; QA mask; temporal completeness; source/provenance; direction; reference compatibility,legacy calculator retired,,retired,REMOVE,Duplicate of riparian_ndvi_sen_slope; retain one canonical trend metric.,Duplicate of riparian_ndvi_sen_slope; retain one canonical trend metric.,REMOVE,
jrc_water_persistence,retired / not accepted,Not JRC data: implementation uses Sentinel-1 thresholding. Also redundant with water_persistence.,Sentinel-2 / Sentinel-1 / custom composite,verify exact release,not retained in active registry,10,10,configured or annual window,assessment window unless specified,legacy units; see original registry,legacy direction; not accepted for scoring,metric-specific; no generic downgrade without contract,none,none,see legacy contract,Metric-specific native-pixel support; do not upsample,Use metric-specific minimum; trend metrics need multi-year observations,valid-pixel count/fraction; QA mask; temporal completeness; source/provenance; direction; reference compatibility,legacy calculator retired,,retired,REMOVE,Not JRC data: implementation uses Sentinel-1 thresholding. Also redundant with water_persistence.,Not JRC data: implementation uses Sentinel-1 thresholding. Also redundant with water_persistence.,REMOVE,
shdi,C2_vegetation,"Published shoreline-development morphometric is legitimate, but measures waterbody shape/shoreline complexity, not ecosystem condition; geometry extraction must be QAed.",Sentinel-2 / Sentinel-1 / custom composite,verify exact release,COPERNICUS/S2_SR_HARMONIZED,10,10,configured or annual window,assessment window unless specified,dimensionless (≥1.0),higher_is_better,metric-specific; no generic downgrade without contract,none,not specified,aquatic;mixed,Metric-specific native-pixel support; do not upsample,Use metric-specific minimum; trend metrics need multi-year observations,valid-pixel count/fraction; QA mask; temporal completeness; source/provenance; direction; reference compatibility,sentinel2,,CONTEXTUAL,context_only,"Published shoreline-development morphometric is legitimate, but measures waterbody shape/shoreline complexity, not ecosystem condition; geometry extraction must be QAed.","Published shoreline-development morphometric is legitimate, but measures waterbody shape/shoreline complexity, not ecosystem condition; geometry extraction must be QAed.",CONTEXT_ONLY,Jennings E et al. (2003) Freshwater Biology 48:301. DOI:10.1046/j.1365-2427.2003.00988.x
lai,C2_vegetation,MODIS LAI ~500 m; require >=4 valid native pixels; no resampling to imply finer information.,MODIS/061/MCD15A3H,verify exact release,MODIS/061/MCD15A3H,500,500,4-day,assessment window unless specified,m²/m²,higher_is_better,metric-specific; no generic downgrade without contract,none,not specified,terrestrial;mixed,Metric-specific native-pixel support; do not upsample,Use metric-specific minimum; trend metrics need multi-year observations,valid-pixel count/fraction; QA mask; temporal completeness; source/provenance; direction; reference compatibility,modis_lai,,CONTEXTUAL,context_only,MODIS LAI ~500 m; require >=4 valid native pixels; no resampling to imply finer information.,MODIS LAI ~500 m; require >=4 valid native pixels; no resampling to imply finer information.,CONTEXT_LOW_RESOLUTION,Myneni RB et al. (2002) RSE 83:214. DOI:10.1016/S0034-4257(02)00074-3
chm,C2_vegetation,"Meta/WRI ~1 m canopy height; baseline imagery mostly 2018–2020, not annual current condition; valid pixel support and forest applicability required.",meta-forest-monitoring-okw37/assets/CanopyHeight,verify exact release,meta-forest-monitoring-okw37/assets/CanopyHeight,1.0,1.0,static canopy-height product,assessment window unless specified,metres,higher_is_better,metric-specific; no generic downgrade without contract,contemporary_best_on_offer,log_response_ratio,terrestrial;mixed,Metric-specific native-pixel support; do not upsample,Use metric-specific minimum; trend metrics need multi-year observations,valid-pixel count/fraction; QA mask; temporal completeness; source/provenance; direction; reference compatibility,meta_wri_canopy_height,,SCORED,default_scored,"Meta/WRI ~1 m canopy height; baseline imagery mostly 2018–2020, not annual current condition; valid pixel support and forest applicability required.","Meta/WRI ~1 m canopy height; baseline imagery mostly 2018–2020, not annual current condition; valid pixel support and forest applicability required.",CONDITIONAL_SCORE,"Tolan J et al. (2024). Very high resolution canopy height maps from RGB imagery using self-supervised vision transformer and convolutional decoder trained on aerial lidar. Remote Sensing of Environment 300:113888. Meta/WRI High Resolution Canopy Height Maps, GEE Forest Monitoring asset. The product is a high-resolution structural baseline with most source imagery concentrated in 2018-2020. ETH Global Canopy Height 2020 (10m) remains the fallback."
endemic_richness,C3_fauna,"Range overlap/richness proxy, not observed site richness; verify taxonomy/range vintage.",IUCN species-range source configured in legacy calculator,verify exact release,IUCN species-range source configured in legacy calculator,,,configured assessment window,assessment window unless specified,species per 100km2,higher_is_better,metric-specific; no generic downgrade without contract,none,not specified,terrestrial;aquatic;mixed,Metric-specific native-pixel support; do not upsample,Use metric-specific minimum; trend metrics need multi-year observations,valid-pixel count/fraction; QA mask; temporal completeness; source/provenance; direction; reference compatibility,iucn_range_maps,,DIAGNOSTIC,diagnostic,"Range overlap/richness proxy, not observed site richness; verify taxonomy/range vintage.","Range overlap/richness proxy, not observed site richness; verify taxonomy/range vintage.",SCREENING,"IUCN mammal ranges. Range < 100,000 km². Area-normalised (v0.2.7) — raw range-overlap counts are not comparable across differently-sized sites; see contracts.py note."
shi,retired / not accepted,Map of Life/API placeholder is not a reproducible geospatial calculator without guaranteed API access/credentials.,legacy calculator / source-specific; see audit note,verify exact release,not retained in active registry,source-dependent,source-dependent,source-dependent,assessment window unless specified,legacy units; see original registry,legacy direction; not accepted for scoring,metric-specific; no generic downgrade without contract,none,none,see legacy contract,Metric-specific native-pixel support; do not upsample,Use metric-specific minimum; trend metrics need multi-year observations,valid-pixel count/fraction; QA mask; temporal completeness; source/provenance; direction; reference compatibility,legacy calculator retired,,retired,REMOVE,Map of Life/API placeholder is not a reproducible geospatial calculator without guaranteed API access/credentials.,Map of Life/API placeholder is not a reproducible geospatial calculator without guaranteed API access/credentials.,REMOVE,
flagship_habitat,retired / not accepted,Generic HSI has no named target species and no validated species-specific habitat-response model.,legacy calculator / source-specific; see audit note,verify exact release,not retained in active registry,source-dependent,source-dependent,source-dependent,assessment window unless specified,legacy units; see original registry,legacy direction; not accepted for scoring,metric-specific; no generic downgrade without contract,none,none,see legacy contract,Metric-specific native-pixel support; do not upsample,Use metric-specific minimum; trend metrics need multi-year observations,valid-pixel count/fraction; QA mask; temporal completeness; source/provenance; direction; reference compatibility,legacy calculator retired,,retired,REMOVE,Generic HSI has no named target species and no validated species-specific habitat-response model.,Generic HSI has no named target species and no validated species-specific habitat-response model.,REMOVE,
endemic_plant_richness,C3_fauna,"Range overlap proxy, not confirmed presence; verify asset schema and range filters.",IUCN species-range source configured in legacy calculator,verify exact release,IUCN species-range source configured in legacy calculator,,,configured assessment window,assessment window unless specified,count,higher_is_better,metric-specific; no generic downgrade without contract,none,not specified,terrestrial;aquatic;mixed,Metric-specific native-pixel support; do not upsample,Use metric-specific minimum; trend metrics need multi-year observations,valid-pixel count/fraction; QA mask; temporal completeness; source/provenance; direction; reference compatibility,iucn_range_maps,,DIAGNOSTIC,diagnostic,"Range overlap proxy, not confirmed presence; verify asset schema and range filters.","Range overlap proxy, not confirmed presence; verify asset schema and range filters.",SCREENING,IUCN Standards and Petitions Committee (2022) Guidelines v15.1. DOI:10.2305/IUCN.CH.2022.24.en
threatened_richness,C3_fauna,"Red List range overlap indicates conservation importance, not confirmed presence or condition.",IUCN species-range source configured in legacy calculator,verify exact release,IUCN species-range source configured in legacy calculator,,,configured assessment window,assessment window unless specified,species per 100km2,lower_is_better,metric-specific; no generic downgrade without contract,none,not specified,terrestrial;aquatic;mixed,Metric-specific native-pixel support; do not upsample,Use metric-specific minimum; trend metrics need multi-year observations,valid-pixel count/fraction; QA mask; temporal completeness; source/provenance; direction; reference compatibility,iucn_range_maps,,DIAGNOSTIC,diagnostic,"Red List range overlap indicates conservation importance, not confirmed presence or condition.","Red List range overlap indicates conservation importance, not confirmed presence or condition.",SCREENING,IUCN Red List. CR/EN/VU mammals + birds. Area-normalised (v0.2.7) — see contracts.py note.
ceri,retired / not accepted,Composite extinction-risk index lacks defensible aggregation/normalization and duplicates range-overlap screening.,legacy calculator / source-specific; see audit note,verify exact release,not retained in active registry,source-dependent,source-dependent,source-dependent,assessment window unless specified,legacy units; see original registry,legacy direction; not accepted for scoring,metric-specific; no generic downgrade without contract,none,none,see legacy contract,Metric-specific native-pixel support; do not upsample,Use metric-specific minimum; trend metrics need multi-year observations,valid-pixel count/fraction; QA mask; temporal completeness; source/provenance; direction; reference compatibility,legacy calculator retired,,retired,REMOVE,Composite extinction-risk index lacks defensible aggregation/normalization and duplicates range-overlap screening.,Composite extinction-risk index lacks defensible aggregation/normalization and duplicates range-overlap screening.,REMOVE,
star_t,,The previous custom proxy is retired. The active metric accepts only a project-supplied canonical STAR-T raster; conservation opportunity is not current condition.,not_individually_confirmed,verify exact release,not_individually_confirmed,,,configured assessment window,assessment window unless specified,STAR score (sum over EMU),higher_is_better,metric-specific; no generic downgrade without contract,none,not specified,terrestrial;mixed,Metric-specific native-pixel support; do not upsample,Use metric-specific minimum; trend metrics need multi-year observations,valid-pixel count/fraction; QA mask; temporal completeness; source/provenance; direction; reference compatibility,,,CONTEXTUAL,context_only,The previous custom proxy is retired. The active metric accepts only a project-supplied canonical STAR-T raster; conservation opportunity is not current condition.,The previous custom proxy is retired. The active metric accepts only a project-supplied canonical STAR-T raster; conservation opportunity is not current condition.,CONTEXT_PENDING_ASSET,"Mair et al. (2021), Nature Ecology & Evolution; official IUCN STAR framework. Requires a canonical STAR-T raster and its metadata."
threatened_plant_richness,C3_fauna,"Red List range overlap indicates conservation importance, not confirmed presence or condition.",IUCN species-range source configured in legacy calculator,verify exact release,IUCN species-range source configured in legacy calculator,,,configured assessment window,assessment window unless specified,count,lower_is_better,metric-specific; no generic downgrade without contract,none,not specified,terrestrial;aquatic;mixed,Metric-specific native-pixel support; do not upsample,Use metric-specific minimum; trend metrics need multi-year observations,valid-pixel count/fraction; QA mask; temporal completeness; source/provenance; direction; reference compatibility,iucn_range_maps,,DIAGNOSTIC,diagnostic,"Red List range overlap indicates conservation importance, not confirmed presence or condition.","Red List range overlap indicates conservation importance, not confirmed presence or condition.",SCREENING,IUCN Standards and Petitions Committee (2022) Guidelines v15.1. DOI:10.2305/IUCN.CH.2022.24.en
ghm,C4_pressure,"TNC Global Human Modification v3 ~90 m, 2022 snapshot; lower modification is less pressure; pressure reference must not be HMI-selected.",TNC Global Human Modification v3,verify exact release,TNC Global Human Modification v3,90.0,90.0,static,assessment window unless specified,index,lower_is_better,metric-specific; no generic downgrade without contract,regional_distribution,robust_z,terrestrial;aquatic;mixed,Metric-specific native-pixel support; do not upsample,Use metric-specific minimum; trend metrics need multi-year observations,valid-pixel count/fraction; QA mask; temporal completeness; source/provenance; direction; reference compatibility,csp_ghm,,SCORED,default_scored,"TNC Global Human Modification v3 ~90 m, 2022 snapshot; lower modification is less pressure; pressure reference must not be HMI-selected.","TNC Global Human Modification v3 ~90 m, 2022 snapshot; lower modification is less pressure; pressure reference must not be HMI-selected.",SCORE_PRESSURE,"Theobald, D.M., Oakleaf, J.R., Moncrieff, G., Voigt, M., Kiesecker, J. & Kennedy, C.M. (2025). Global extent and change in human modification of terrestrial ecosystems from 1990 to 2022. Scientific Data 12, 606. DOI:10.1038/s41597-025-04892-2 -- CORRECTED (independent audit item 17, verified live 2026-09-27 via PubMed/Nature directly before writing, not assumed from the audit's claim): was still citing Kennedy et al. (2019), the source for the PRIOR CSP/HM/GlobalHumanModification (~2016, 1km) asset this indicator no longer uses. The actual live asset (see _img_ghm) is TNC/HM/v3/90m_s, a 2022 static snapshot at 90m -- this is that dataset's real, current methodology paper."
light_pollution,C4_pressure,"VIIRS ~500 m; low spatial support on small EMUs, retain only where native support is adequate and on pressure axis.",NOAA/VIIRS/DNB/MONTHLY_V1/VCMSLCFG,verify exact release,NOAA/VIIRS/DNB/MONTHLY_V1/VCMSLCFG,500,500,monthly,assessment window unless specified,nW/cm²/sr,lower_is_better,metric-specific; no generic downgrade without contract,regional_distribution,robust_z,terrestrial;aquatic;mixed,Metric-specific native-pixel support; do not upsample,Use metric-specific minimum; trend metrics need multi-year observations,valid-pixel count/fraction; QA mask; temporal completeness; source/provenance; direction; reference compatibility,viirs_ntl,,SCORED,default_scored,"VIIRS ~500 m; low spatial support on small EMUs, retain only where native support is adequate and on pressure axis.","VIIRS ~500 m; low spatial support on small EMUs, retain only where native support is adequate and on pressure axis.",SCORE_PRESSURE_CONDITIONAL,Elvidge et al. (2017). DOI:10.1080/01431161.2017.1342050
hdi,retired / not accepted,Custom built-up proximity index is not a standard Human Disturbance Index; direct built_fraction and GHM retained instead.,legacy calculator / source-specific; see audit note,verify exact release,not retained in active registry,source-dependent,source-dependent,source-dependent,assessment window unless specified,legacy units; see original registry,legacy direction; not accepted for scoring,metric-specific; no generic downgrade without contract,none,none,see legacy contract,Metric-specific native-pixel support; do not upsample,Use metric-specific minimum; trend metrics need multi-year observations,valid-pixel count/fraction; QA mask; temporal completeness; source/provenance; direction; reference compatibility,legacy calculator retired,,retired,REMOVE,Custom built-up proximity index is not a standard Human Disturbance Index; direct built_fraction and GHM retained instead.,Custom built-up proximity index is not a standard Human Disturbance Index; direct built_fraction and GHM retained instead.,REMOVE,
lst_day,C4_pressure,"MODIS LST ~1 km; climate/thermal exposure, coarse for small EMUs.",MODIS/061/MOD11A1,verify exact release,MODIS/061/MOD11A1,1000,1000,daily,assessment window unless specified,°C,lower_is_better,metric-specific; no generic downgrade without contract,none,not specified,terrestrial;aquatic;mixed,Metric-specific native-pixel support; do not upsample,Use metric-specific minimum; trend metrics need multi-year observations,valid-pixel count/fraction; QA mask; temporal completeness; source/provenance; direction; reference compatibility,modis_lst,,CONTEXTUAL,context_only,"MODIS LST ~1 km; climate/thermal exposure, coarse for small EMUs.","MODIS LST ~1 km; climate/thermal exposure, coarse for small EMUs.",CONTEXT,Wan et al. (2021). MOD11A1. DOI:10.5067/MODIS/MOD11A1.061
lst_night,C4_pressure,"MODIS LST ~1 km; climate/thermal exposure, coarse for small EMUs.",MODIS/061/MOD11A1,verify exact release,MODIS/061/MOD11A1,1000,1000,daily,assessment window unless specified,°C,lower_is_better,metric-specific; no generic downgrade without contract,none,not specified,terrestrial;aquatic;mixed,Metric-specific native-pixel support; do not upsample,Use metric-specific minimum; trend metrics need multi-year observations,valid-pixel count/fraction; QA mask; temporal completeness; source/provenance; direction; reference compatibility,modis_lst,,CONTEXTUAL,context_only,"MODIS LST ~1 km; climate/thermal exposure, coarse for small EMUs.","MODIS LST ~1 km; climate/thermal exposure, coarse for small EMUs.",CONTEXT,Wan et al. (2021). MOD11A1 Night. DOI:10.5067/MODIS/MOD11A1.061
sdi,retired / not accepted,Custom shoreline disturbance index duplicates standardized shoreline_disturbance_fraction; legacy version has unstable water-mask construction.,Sentinel-2 / Sentinel-1 / custom composite,verify exact release,not retained in active registry,10,10,configured or annual window,assessment window unless specified,legacy units; see original registry,legacy direction; not accepted for scoring,metric-specific; no generic downgrade without contract,none,none,see legacy contract,Metric-specific native-pixel support; do not upsample,Use metric-specific minimum; trend metrics need multi-year observations,valid-pixel count/fraction; QA mask; temporal completeness; source/provenance; direction; reference compatibility,legacy calculator retired,,retired,REMOVE,Custom shoreline disturbance index duplicates standardized shoreline_disturbance_fraction; legacy version has unstable water-mask construction.,Custom shoreline disturbance index duplicates standardized shoreline_disturbance_fraction; legacy version has unstable water-mask construction.,REMOVE,
stsi,retired / not accepted,Site-relative min–max LST normalization cannot support cross-site comparisons.,Sentinel-2 / Sentinel-1 / custom composite,verify exact release,not retained in active registry,10,10,configured or annual window,assessment window unless specified,legacy units; see original registry,legacy direction; not accepted for scoring,metric-specific; no generic downgrade without contract,none,none,see legacy contract,Metric-specific native-pixel support; do not upsample,Use metric-specific minimum; trend metrics need multi-year observations,valid-pixel count/fraction; QA mask; temporal completeness; source/provenance; direction; reference compatibility,legacy calculator retired,,retired,REMOVE,Site-relative min–max LST normalization cannot support cross-site comparisons.,Site-relative min–max LST normalization cannot support cross-site comparisons.,REMOVE,
iri,retired / not accepted,Unvalidated weighted invasive-risk proxy; does not identify invasive taxa and uses built-up edge as a road/access proxy.,Sentinel-2 / Sentinel-1 / custom composite,verify exact release,not retained in active registry,10,10,configured or annual window,assessment window unless specified,legacy units; see original registry,legacy direction; not accepted for scoring,metric-specific; no generic downgrade without contract,none,none,see legacy contract,Metric-specific native-pixel support; do not upsample,Use metric-specific minimum; trend metrics need multi-year observations,valid-pixel count/fraction; QA mask; temporal completeness; source/provenance; direction; reference compatibility,legacy calculator retired,,retired,REMOVE,Unvalidated weighted invasive-risk proxy; does not identify invasive taxa and uses built-up edge as a road/access proxy.,Unvalidated weighted invasive-risk proxy; does not identify invasive taxa and uses built-up edge as a road/access proxy.,REMOVE,
ivsi,retired / not accepted,NDVI expansion is not invasive-species detection; no taxonomic evidence.,Sentinel-2 / Sentinel-1 / custom composite,verify exact release,not retained in active registry,10,10,configured or annual window,assessment window unless specified,legacy units; see original registry,legacy direction; not accepted for scoring,metric-specific; no generic downgrade without contract,none,none,see legacy contract,Metric-specific native-pixel support; do not upsample,Use metric-specific minimum; trend metrics need multi-year observations,valid-pixel count/fraction; QA mask; temporal completeness; source/provenance; direction; reference compatibility,legacy calculator retired,,retired,REMOVE,NDVI expansion is not invasive-species detection; no taxonomic evidence.,NDVI expansion is not invasive-species detection; no taxonomic evidence.,REMOVE,
msa,"Modelled mean abundance of original species relative to undisturbed reference; model-derived intactness, not direct EO observation",GLOBIO MSA model pressure-response relationships; current raster asset not yet provenance-verified,GLOBIO / custom uploaded raster,asset says 2015; verify model/version,projects/ee-jayankandir/assets/TerrestrialMSA_2015_World,300,300,static / 2015 vintage,2015,fraction (0–1),higher_is_better,bounded 0–1; compare only like-for-like model and vintage,regional_or_matched,robust_z,terrestrial/mixed,>=4 valid native pixels recommended; site support can be inadequate,static 2015 surface; not annual monitoring,"verify asset owner, model version, band scaling, NoData, year and projection; compare against BII",biodiversity_intactness,"BII (alternative, not additive by default)",CONTEXTUAL,context_only_pending_provenance,Source provenance uncertain; modelled pressures may overlap with GHM/land-cover metrics,"Do not score until asset provenance, scale and temporal support are verified; do not count alongside BII by default",CONTEXT_PENDING_PROVENANCE,https://www.globio.info/what-is-globio
