metric,value,units,pillar,evidence_class,temporal_window,reference_value,reference_approved,interpretation,validation_required,notes
edna_taxonomic_richness,,taxonomic assignments,C2_vegetation,measured,, ,False,"Broad molecular-community complexity signal.","Matched shotgun metagenomic sampling, extraction and classification protocol.","Do not equate assignments with independently confirmed species records or direct fauna richness."
edna_fauna_taxonomic_richness,,taxa,C3_fauna,measured,, ,False,"Targeted faunal eDNA richness; future C3 input.","Fauna-specific assay/filtering and matched reference sampling.","Not populated from the current broad Nandoshi shotgun metagenomic assignment count."
edna_cyanobacterial_fraction,,fraction of assigned reads,C2_vegetation,indicated,2026-05-28, ,False,"Potential cyanobacterial stress signal.","Chlorophyll-a/phycocyanin, microscopy/cell counts, toxin-gene/chemical testing as appropriate.","Taxon assignment does not establish toxigenicity."
edna_human_associated_fraction,,fraction of assigned reads,C4_pressure,indicated,2026-05-28, ,False,"Human-associated molecular material detected.","Microbial source tracking and conventional water-quality testing.","Source cannot be attributed from this signal alone."
edna_reducing_microbe_fraction,,fraction of genetic material,C2_vegetation,indicated,2026-05-28, ,False,"Signal associated with reducing/oxygen-limited conditions.","Direct dissolved oxygen and related chemistry.","May reflect sediment microenvironments."
edna_functional_capacity,,qualitative,C2_vegetation,inferred,, ,False,"Potential nutrient-cycling/pollutant-degradation capacity.","Requires quantitative functional-gene workflow before scoring.","Contextual only."
edna_assignment_count,,count,C2_vegetation,measured,, ,False,"Sequencing assignment output.","No ecological scoring from assignment count alone.","Contextual sequencing output."
edna_assigned_reads,,high-confidence assigned reads,C2_vegetation,measured,, ,False,"Sequencing output used to establish molecular Year-0 evidence.","No ecological scoring from sequencing depth alone.","Evidence metadata rather than a biodiversity condition metric."
edna_top10_read_fraction,,fraction of classified reads,C2_vegetation,measured,, ,False,"Share of classified reads in the ten most frequently assigned taxa.","Matched protocol and repeated sampling are needed before longitudinal comparison.","Read proportions are not direct biomass or evenness estimates."
